"";"estado";"marcas";"nome_da_revenda";"pontas";"price";"manufacturer";"group";"ano";"regiao"
"1";"RS";"TeeJet;Outras;";"LLJ COMÉRCIO DE MÁQUINAS";"XR-VK";19,57;"TEEJET";"2";"2021";"Sul"
"2";"RS";"TeeJet;Outras;";"LLJ COMÉRCIO DE MÁQUINAS";"TXA";19,5;"TEEJET";"1";"2021";"Sul"
"3";"RS";"TeeJet;Outras;";"LLJ COMÉRCIO DE MÁQUINAS";"TT-VP";17,91;"TEEJET";"3";"2021";"Sul"
"4";"RS";"TeeJet;Outras;";"LLJ COMÉRCIO DE MÁQUINAS";"TTJ60";24,5;"TEEJET";"4";"2021";"Sul"
"5";"RS";"TeeJet;Magnojet;Outras;";"CAMSUL - COOP. AGR. MISTA SUL RIOGRANDENSE";"AD-IA";29,75;"MAGNOJET";"5";"2021";"Sul"
"6";"MS";"Magnojet;";"ATUALIZE TECNOLOGIA AGRÍCOLA";"MUG";69,5;"MAGNOJET";"6";"2021";"Centro-Oeste"
"7";"MT";"Magnojet;TeeJet;";"CEIFAGRO PEÇAS AGRICOLAS";"MUG";43,5;"MAGNOJET";"6";"2021";"Centro-Oeste"
"8";"MT";"TeeJet;Magnojet;Jacto;";"TRATORTEC MAQ";"MUG";44,92;"MAGNOJET";"6";"2021";"Centro-Oeste"
"9";"MT";"Magnojet;";"TRATORMAQ";"MUG";42;"MAGNOJET";"6";"2021";"Centro-Oeste"
"10";"GO";"Magnojet;Jacto;";"COOPERCITRUS";"MUG";42,58;"MAGNOJET";"6";"2021";"Centro-Oeste"
"11";"MG";"Magnojet;TeeJet;";"TERRA AGRICOLA";"MUG";65;"MAGNOJET";"6";"2021";"Sudeste"
"12";"GO";"Magnojet;";"A CAMARGO";"MUG";59;"MAGNOJET";"6";"2021";"Centro-Oeste"
"13";"PR";"TeeJet;Jacto;Magnojet;";"COAMO";"MUG";40;"MAGNOJET";"6";"2021";"Sul"
"14";"Online";"Jacto;TeeJet;Magnojet;Hypro;";"CANAL AGRÍCOLA";"XR-VK";42,24;"TEEJET";"2";"2021";"Online"
"15";"Online";"Jacto;TeeJet;Magnojet;Hypro;";"CANAL AGRÍCOLA";"TXA";23,24;"TEEJET";"1";"2021";"Online"
"16";"Online";"Jacto;TeeJet;Magnojet;Hypro;";"CANAL AGRÍCOLA";"TT-VP";21,47;"TEEJET";"3";"2021";"Online"
"17";"Online";"Jacto;TeeJet;Magnojet;Hypro;";"CANAL AGRÍCOLA";"TTJ60";20,36;"TEEJET";"4";"2021";"Online"
"18";"Online";"Jacto;TeeJet;Magnojet;Hypro;";"CANAL AGRÍCOLA";"AIXR-VK";61,75;"TEEJET";"5";"2021";"Online"
"19";"Online";"Jacto;TeeJet;Magnojet;Hypro;";"CANAL AGRÍCOLA";"TTI";76,54;"TEEJET";"6";"2021";"Online"
"20";"Online";"Jacto;TeeJet;Magnojet;Hypro;";"CANAL AGRÍCOLA";"BD";10,27;"MAGNOJET";"2";"2021";"Online"
"21";"Online";"Jacto;TeeJet;Magnojet;Hypro;";"CANAL AGRÍCOLA";"MAG";9,42;"MAGNOJET";"1";"2021";"Online"
"22";"Online";"Jacto;TeeJet;Magnojet;Hypro;";"CANAL AGRÍCOLA";"MGA";19,32;"MAGNOJET";"1";"2021";"Online"
"23";"Online";"Jacto;TeeJet;Magnojet;Hypro;";"CANAL AGRÍCOLA";"ST";21,06;"MAGNOJET";"3";"2021";"Online"
"24";"Online";"Jacto;TeeJet;Magnojet;Hypro;";"CANAL AGRÍCOLA";"ST-D";27,9;"MAGNOJET";"4";"2021";"Online"
"25";"Online";"Jacto;TeeJet;Magnojet;Hypro;";"CANAL AGRÍCOLA";"AD-IA";31,7;"MAGNOJET";"5";"2021";"Online"
"26";"SP";"Magnojet;TeeJet;";"AGROTERRA PULVERIZADORES E MÁQUINAS AGRÍCOLA";"BD";12;"MAGNOJET";"2";"2021";"Sudeste"
"27";"SP";"Magnojet;TeeJet;";"AGROTERRA PULVERIZADORES E MÁQUINAS AGRÍCOLA";"MGA";19,32;"MAGNOJET";"1";"2021";"Sudeste"
"28";"SP";"Magnojet;TeeJet;";"AGROTERRA PULVERIZADORES E MÁQUINAS AGRÍCOLA";"ST";24,31;"MAGNOJET";"3";"2021";"Sudeste"
"29";"SP";"Magnojet;TeeJet;";"AGROTERRA PULVERIZADORES E MÁQUINAS AGRÍCOLA";"ST-D";27,9;"MAGNOJET";"4";"2021";"Sudeste"
"30";"SP";"Magnojet;TeeJet;";"AGROTERRA PULVERIZADORES E MÁQUINAS AGRÍCOLA";"MUG";45;"MAGNOJET";"6";"2021";"Sudeste"
"31";"SP";"Magnojet;Outras;";"AGROTERRA PULVERIZADORES";"BD";12;"MAGNOJET";"2";"2021";"Sudeste"
"32";"SP";"Magnojet;Outras;";"AGROTERRA PULVERIZADORES";"MAG";12,5;"MAGNOJET";"1";"2021";"Sudeste"
"33";"SP";"Magnojet;Outras;";"AGROTERRA PULVERIZADORES";"ST";21;"MAGNOJET";"3";"2021";"Sudeste"
"34";"SP";"Magnojet;Outras;";"AGROTERRA PULVERIZADORES";"MUG";42,5;"MAGNOJET";"6";"2021";"Sudeste"
"35";"PR";"Jacto;Outras;";"COCAMAR";"AXI";21,4;"JACTO";"2";"2021";"Sul"
"36";"PR";"Jacto;Outras;";"COCAMAR";"JA";10;"JACTO";"1";"2021";"Sul"
"37";"PR";"Jacto;Outras;";"COCAMAR";"J3D";55,25;"JACTO";"3";"2021";"Sul"
"38";"Online";"TeeJet;Magnojet;Hypro;";"CANAL AGRÍCOLA";"TXA";23,04;"TEEJET";"1";"2021";"Online"
"39";"Online";"TeeJet;Magnojet;Hypro;";"CANAL AGRÍCOLA";"MAG";14,73;"MAGNOJET";"1";"2021";"Online"
"40";"Online";"TeeJet;Magnojet;Hypro;";"CANAL AGRÍCOLA";"AXI";26,96;"JACTO";"2";"2021";"Online"
"41";"Online";"TeeJet;Magnojet;Hypro;";"CANAL AGRÍCOLA";"JA";21,43;"JACTO";"1";"2021";"Online"
"42";"Online";"TeeJet;Magnojet;Hypro;";"CANAL AGRÍCOLA";"ATR";37,82;"JACTO";"1";"2021";"Online"
"43";"Online";"TeeJet;Magnojet;Hypro;";"CANAL AGRÍCOLA";"J3D";69,41;"JACTO";"3";"2021";"Online"
"44";"Online";"TeeJet;Magnojet;Hypro;";"CANAL AGRÍCOLA";"JTT";29,96;"JACTO";"3";"2021";"Online"
"45";"Online";"TeeJet;Magnojet;Hypro;";"CANAL AGRÍCOLA";"AVI";70,32;"JACTO";"5";"2021";"Online"
"46";"Online";"TeeJet;Magnojet;Hypro;";"CANAL AGRÍCOLA";"CVI";85,88;"JACTO";"5";"2021";"Online"
"47";"Online";"TeeJet;Magnojet;Hypro;";"CANAL AGRÍCOLA";"JMD";129,1;"JACTO";"6";"2021";"Online"
"48";"SP";"TeeJet;Jacto;Magnojet;";"COMPANY 1";"TT-VP";20;"TEEJET";"3";"2021";"Sudeste"
"49";"SP";"TeeJet;Jacto;Magnojet;";"COMPANY 1";"TTJ60";22;"TEEJET";"4";"2021";"Sudeste"
"50";"SP";"TeeJet;Jacto;Magnojet;";"COMPANY 1";"ST";22;"MAGNOJET";"3";"2021";"Sudeste"
"51";"SP";"TeeJet;Jacto;Magnojet;";"COMPANY 1";"ST-D";25;"MAGNOJET";"4";"2021";"Sudeste"
"52";"GO";"Jacto;Magnojet;";"SUPERIORIZAN";"JA";17,86;"JACTO";"1";"2021";"Centro-Oeste"
"53";"GO";"Jacto;Magnojet;";"SUPERIORIZAN";"CVI";71,59;"JACTO";"5";"2021";"Centro-Oeste"
"54";"MG";"TeeJet;Jacto;";"AUTO PEÇAS SILVA";"TXA";19,6;"TEEJET";"1";"2021";"Sudeste"
"55";"MG";"TeeJet;Jacto;";"AUTO PEÇAS SILVA";"TT-VP";18,5;"TEEJET";"3";"2021";"Sudeste"
"56";"MG";"TeeJet;Jacto;";"AUTO PEÇAS SILVA";"JA";18,2;"JACTO";"1";"2021";"Sudeste"
"57";"MG";"TeeJet;Jacto;";"AUTO PEÇAS SILVA";"ATR";28,3;"JACTO";"1";"2021";"Sudeste"
"58";"MG";"Magnojet;";"TERRA AGRÍCOLA";"MGA";26;"MAGNOJET";"1";"2021";"Sudeste"
"59";"MG";"Magnojet;";"UNIPARTS";"BD";11,7;"MAGNOJET";"2";"2021";"Sudeste"
"60";"MG";"Magnojet;";"UNIPARTS";"MAG";11,2;"MAGNOJET";"1";"2021";"Sudeste"
"61";"MG";"Magnojet;";"UNIPARTS";"AD-IA";38,7;"MAGNOJET";"5";"2021";"Sudeste"
"62";"Online";"TeeJet;";"HERBICAT";"TXA";20,33;"TEEJET";"1";"2021";"Online"
"63";"Online";"TeeJet;";"HERBICAT";"TT-VP";18,96;"TEEJET";"3";"2021";"Online"
"64";"Online";"TeeJet;";"HERBICAT";"TTJ60";22,75;"TEEJET";"4";"2021";"Online"
"65";"Online";"TeeJet;";"HERBICAT";"TTI";60,23;"TEEJET";"6";"2021";"Online"
"66";"PR";"TeeJet;Jacto;Magnojet;";"COAMO";"XR-VK";19,9;"TEEJET";"2";"2021";"Sul"
"67";"PR";"TeeJet;Jacto;Magnojet;";"COAMO";"TXA";20,91;"TEEJET";"1";"2021";"Sul"
"68";"PR";"TeeJet;Jacto;Magnojet;";"COAMO";"TT-VP";24,4;"TEEJET";"3";"2021";"Sul"
"69";"PR";"TeeJet;Jacto;Magnojet;";"COAMO";"TTJ60";23,48;"TEEJET";"4";"2021";"Sul"
"70";"PR";"TeeJet;Jacto;Magnojet;";"COAMO";"AIXR-VK";33,31;"TEEJET";"5";"2021";"Sul"
"71";"PR";"TeeJet;Jacto;Magnojet;";"COAMO";"TTI";63,17;"TEEJET";"6";"2021";"Sul"
"72";"PR";"TeeJet;Jacto;Magnojet;";"COAMO";"MAG";11,58;"MAGNOJET";"1";"2021";"Sul"
"73";"PR";"TeeJet;Jacto;Magnojet;";"COAMO";"MGA";22,24;"MAGNOJET";"1";"2021";"Sul"
"74";"PR";"TeeJet;Jacto;Magnojet;";"COAMO";"AD-IA";43,28;"MAGNOJET";"5";"2021";"Sul"
"75";"PR";"TeeJet;Jacto;Magnojet;";"COAMO";"AXI";22;"JACTO";"2";"2021";"Sul"
"76";"PR";"TeeJet;Jacto;Magnojet;";"COAMO";"ATR";29,6;"JACTO";"1";"2021";"Sul"
"77";"PR";"TeeJet;Jacto;Magnojet;";"COAMO";"JTT";24,4;"JACTO";"3";"2021";"Sul"
"78";"PR";"TeeJet;Jacto;Magnojet;";"COAMO";"AVI";42,86;"JACTO";"5";"2021";"Sul"
"79";"PR";"Jacto;TeeJet;";"COOPERATIVA AGRARIA";"XR-VK";31,1;"TEEJET";"2";"2021";"Sul"
"80";"PR";"Jacto;TeeJet;";"COOPERATIVA AGRARIA";"TXA";22,5;"TEEJET";"1";"2021";"Sul"
"81";"PR";"Jacto;TeeJet;";"COOPERATIVA AGRARIA";"TT-VP";22,5;"TEEJET";"3";"2021";"Sul"
"82";"PR";"Jacto;TeeJet;";"COOPERATIVA AGRARIA";"TTJ60";22,5;"TEEJET";"4";"2021";"Sul"
"83";"PR";"Jacto;TeeJet;";"COOPERATIVA AGRARIA";"AIXR-VK";32,3;"TEEJET";"5";"2021";"Sul"
"84";"PR";"Jacto;TeeJet;";"COOPERATIVA AGRARIA";"TTI";69,85;"TEEJET";"6";"2021";"Sul"
"85";"PR";"Jacto;TeeJet;";"COOPERATIVA AGRARIA";"BD";10,25;"MAGNOJET";"2";"2021";"Sul"
"86";"PR";"Jacto;TeeJet;";"COOPERATIVA AGRARIA";"MAG";12;"MAGNOJET";"1";"2021";"Sul"
"87";"PR";"Jacto;TeeJet;";"COOPERATIVA AGRARIA";"MGA";21,5;"MAGNOJET";"1";"2021";"Sul"
"88";"PR";"Jacto;TeeJet;";"COOPERATIVA AGRARIA";"ST-D";27,75;"MAGNOJET";"4";"2021";"Sul"
"89";"PR";"Jacto;TeeJet;";"COOPERATIVA AGRARIA";"AD-IA";41,5;"MAGNOJET";"5";"2021";"Sul"
"90";"PR";"TeeJet;Magnojet;";"MAQUISOLO";"XR-VK";23,25;"TEEJET";"2";"2021";"Sul"
"91";"PR";"TeeJet;Magnojet;";"MAQUISOLO";"TXA";23,5;"TEEJET";"1";"2021";"Sul"
"92";"PR";"TeeJet;Magnojet;";"MAQUISOLO";"TT-VP";24;"TEEJET";"3";"2021";"Sul"
"93";"PR";"TeeJet;Magnojet;";"MAQUISOLO";"TTJ60";25,75;"TEEJET";"4";"2021";"Sul"
"94";"PR";"TeeJet;Magnojet;";"MAQUISOLO";"AIXR-VK";33,75;"TEEJET";"5";"2021";"Sul"
"95";"PR";"TeeJet;Magnojet;";"MAQUISOLO";"TTI";75;"TEEJET";"6";"2021";"Sul"
"96";"PR";"TeeJet;Magnojet;";"MAQUISOLO";"BD";13,75;"MAGNOJET";"2";"2021";"Sul"
"97";"PR";"TeeJet;Magnojet;";"MAQUISOLO";"MAG";13,5;"MAGNOJET";"1";"2021";"Sul"
"98";"PR";"TeeJet;Magnojet;";"MAQUISOLO";"MGA";23,5;"MAGNOJET";"1";"2021";"Sul"
"99";"PR";"TeeJet;Magnojet;";"MAQUISOLO";"ST";25;"MAGNOJET";"3";"2021";"Sul"
"100";"PR";"TeeJet;Magnojet;";"MAQUISOLO";"ST-D";28;"MAGNOJET";"4";"2021";"Sul"
"101";"PR";"TeeJet;Magnojet;";"MAQUISOLO";"AD-IA";45;"MAGNOJET";"5";"2021";"Sul"
"102";"GO";"Magnojet;";"IPIRANGA";"BD";19;"MAGNOJET";"2";"2021";"Centro-Oeste"
"103";"GO";"Magnojet;";"IPIRANGA";"MGA";19;"MAGNOJET";"1";"2021";"Centro-Oeste"
"104";"GO";"Magnojet;";"JN MÁQUINAS";"BD";12;"MAGNOJET";"2";"2021";"Centro-Oeste"
"105";"GO";"Magnojet;";"JN MÁQUINAS";"MGA";26;"MAGNOJET";"1";"2021";"Centro-Oeste"
"106";"GO";"Magnojet;";"JN MÁQUINAS";"ST";28;"MAGNOJET";"3";"2021";"Centro-Oeste"
"107";"GO";"Magnojet;";"JN MÁQUINAS";"ST-D";48;"MAGNOJET";"4";"2021";"Centro-Oeste"
"108";"GO";"Magnojet;";"AGRIPEÇAS";"MGA";27;"MAGNOJET";"1";"2021";"Centro-Oeste"
"109";"GO";"Magnojet;";"AGRIPEÇAS";"ST";28;"MAGNOJET";"3";"2021";"Centro-Oeste"
"110";"MT";"Magnojet;";"MULTPEÇAS";"BD";13;"MAGNOJET";"2";"2021";"Centro-Oeste"
"111";"MT";"Magnojet;";"MULTPEÇAS";"MGA";28;"MAGNOJET";"1";"2021";"Centro-Oeste"
"112";"MT";"Magnojet;";"MULTPEÇAS";"ST";33;"MAGNOJET";"3";"2021";"Centro-Oeste"
"113";"TO";"Magnojet;";"UNICAMPO MÁQUINAS";"MGA";27;"MAGNOJET";"1";"2021";"Norte"
"114";"TO";"Magnojet;";"UNICAMPO MÁQUINAS";"ST";28;"MAGNOJET";"3";"2021";"Norte"
"115";"BA";"Magnojet;";"OESTE PULVERIZAÇÃO";"MGA";23;"MAGNOJET";"1";"2021";"Nordeste"
"116";"BA";"Magnojet;";"OESTE PULVERIZAÇÃO";"ST";24;"MAGNOJET";"3";"2021";"Nordeste"
"117";"TO";"Jacto;";"SONORA";"AXI";21;"JACTO";"2";"2021";"Norte"
"118";"TO";"Jacto;";"SONORA";"JA";24;"JACTO";"1";"2021";"Norte"
"119";"TO";"Jacto;";"SONORA";"JTT";27;"JACTO";"3";"2021";"Norte"
"120";"BA";"Magnojet;";"JB PULVERIZAÇÃO";"MGA";22;"MAGNOJET";"1";"2021";"Nordeste"
"121";"BA";"Magnojet;";"JB PULVERIZAÇÃO";"ST";21;"MAGNOJET";"3";"2021";"Nordeste"
"122";"TO";"Magnojet;";"FORTE PEÇAS AGRÍCOLAS";"MGA";27;"MAGNOJET";"1";"2021";"Norte"
"123";"TO";"Magnojet;";"FORTE PEÇAS AGRÍCOLAS";"ST";27;"MAGNOJET";"3";"2021";"Norte"
"124";"TO";"Magnojet;";"AMAGRIL";"MGA";33;"MAGNOJET";"1";"2021";"Norte"
"125";"TO";"Magnojet;";"AMAGRIL";"ST";37;"MAGNOJET";"3";"2021";"Norte"
"126";"PI";"Magnojet;";"VISÃO AGRÍCOLA";"MGA";23;"MAGNOJET";"1";"2021";"Nordeste"
"127";"PI";"Magnojet;";"VISÃO AGRÍCOLA";"ST";24;"MAGNOJET";"3";"2021";"Nordeste"
"128";"PR";"Outras;";"MAQUISOLO";"XR-VK";20,7;"TEEJET";"2";"2021";"Sul"
"129";"PR";"Outras;";"MAQUISOLO";"TXA";21,8;"TEEJET";"1";"2021";"Sul"
"130";"PR";"Outras;";"MAQUISOLO";"TT-VP";20,4;"TEEJET";"3";"2021";"Sul"
"131";"PR";"Outras;";"MAQUISOLO";"TTJ60";24,2;"TEEJET";"4";"2021";"Sul"
"132";"PR";"Outras;";"MAQUISOLO";"AIXR-VK";34;"TEEJET";"5";"2021";"Sul"
"133";"PR";"Outras;";"MAQUISOLO";"TTI";63,8;"TEEJET";"6";"2021";"Sul"
"134";"PR";"TeeJet;Jacto;Magnojet;";"COAMO";"TTI";63,13;"TEEJET";"6";"2021";"Sul"
"135";"PR";"Magnojet;";"COCARI";"BD";10,5;"MAGNOJET";"2";"2021";"Sul"
"136";"PR";"Magnojet;";"COCARI";"MAG";12,5;"MAGNOJET";"1";"2021";"Sul"
"137";"PR";"Magnojet;";"COCARI";"MGA";24;"MAGNOJET";"1";"2021";"Sul"
"138";"PR";"Magnojet;";"COCARI";"ST";32,5;"MAGNOJET";"3";"2021";"Sul"
"139";"PR";"Magnojet;";"COCARI";"AD-IA";35;"MAGNOJET";"5";"2021";"Sul"
"140";"SP";"Magnojet;";"AGRO TERRA PULVERIZADOR E MÁQUINAS";"BD";10;"MAGNOJET";"2";"2021";"Sudeste"
"141";"SP";"Magnojet;";"AGRO TERRA PULVERIZADOR E MÁQUINAS";"MGA";21,8;"MAGNOJET";"1";"2021";"Sudeste"
"142";"SP";"Magnojet;";"AGRO TERRA PULVERIZADOR E MÁQUINAS";"MUG";45;"MAGNOJET";"6";"2021";"Sudeste"
"143";"PR";"TeeJet;Jacto;Magnojet;";"COAMO";"TXA";20,9;"TEEJET";"1";"2021";"Sul"
"144";"PR";"TeeJet;Jacto;Magnojet;";"COAMO";"AIXR-VK";35;"TEEJET";"5";"2021";"Sul"
"145";"PR";"TeeJet;Jacto;Magnojet;";"COAMO";"TTI";69;"TEEJET";"6";"2021";"Sul"
"146";"PR";"TeeJet;Jacto;Magnojet;";"COAMO";"AD-IA";33,11;"MAGNOJET";"5";"2021";"Sul"
"147";"PR";"TeeJet;Jacto;Magnojet;";"COAMO";"JA";18;"JACTO";"1";"2021";"Sul"
"148";"PR";"TeeJet;Jacto;Magnojet;";"COAMO";"ATR";29,62;"JACTO";"1";"2021";"Sul"
"149";"PR";"TeeJet;Jacto;Magnojet;";"COAMO";"J3D";59,5;"JACTO";"3";"2021";"Sul"
"150";"PR";"TeeJet;Jacto;Magnojet;";"COAMO";"JTT";25,1;"JACTO";"3";"2021";"Sul"
"151";"PR";"TeeJet;Jacto;Magnojet;";"COAMO";"CVI";67,34;"JACTO";"5";"2021";"Sul"
"152";"PR";"TeeJet;Jacto;Magnojet;";"COAMO";"TTJ60";23,5;"TEEJET";"4";"2021";"Sul"
"153";"PR";"TeeJet;Jacto;Magnojet;";"COAMO";"MAG";11,6;"MAGNOJET";"1";"2021";"Sul"
"154";"PR";"TeeJet;Jacto;Magnojet;";"COAMO";"MGA";22,25;"MAGNOJET";"1";"2021";"Sul"
"155";"PR";"TeeJet;Jacto;Magnojet;";"COAMO";"CVI";67,35;"JACTO";"5";"2021";"Sul"
"156";"PR";"TeeJet;Jacto;Magnojet;";"COAMO";"AD-IA";33,1;"MAGNOJET";"5";"2021";"Sul"
"157";"PR";"TeeJet;";"GLOBAL TRATORES";"XR-VK";21,81;"TEEJET";"2";"2021";"Sul"
"158";"PR";"TeeJet;";"GLOBAL TRATORES";"TXA";23,03;"TEEJET";"1";"2021";"Sul"
"159";"PR";"TeeJet;";"GLOBAL TRATORES";"TT-VP";21,48;"TEEJET";"3";"2021";"Sul"
"160";"PR";"TeeJet;";"GLOBAL TRATORES";"TTJ60";25,77;"TEEJET";"4";"2021";"Sul"
"161";"PR";"TeeJet;";"GLOBAL TRATORES";"AIXR-VK";36,88;"TEEJET";"5";"2021";"Sul"
"162";"PR";"TeeJet;";"GLOBAL TRATORES";"TTI";70,16;"TEEJET";"6";"2021";"Sul"
"163";"MG";"TeeJet;";"DUSIQUEIRA";"TTJ60";28,1;"TEEJET";"4";"2021";"Sudeste"
"164";"MG";"TeeJet;";"DUSIQUEIRA";"AIXR-VK";40;"TEEJET";"5";"2021";"Sudeste"
"165";"MG";"TeeJet;";"AUTO PEÇAS SILVA";"TT-VP";19;"TEEJET";"3";"2021";"Sudeste"
"166";"MG";"TeeJet;";"AUTO PEÇAS SILVA";"TTJ60";23,5;"TEEJET";"4";"2021";"Sudeste"
"167";"MG";"TeeJet;";"AUTO PEÇAS SILVA";"AIXR-VK";30,6;"TEEJET";"5";"2021";"Sudeste"
"168";"GO";"TeeJet;";"SPRAYER COM";"XR-VK";41,8;"TEEJET";"2";"2021";"Centro-Oeste"
"169";"GO";"TeeJet;";"SPRAYER COM";"TXA";20,22;"TEEJET";"1";"2021";"Centro-Oeste"
"170";"GO";"TeeJet;";"SPRAYER COM";"TT-VP";18,9;"TEEJET";"3";"2021";"Centro-Oeste"
"171";"GO";"TeeJet;";"SPRAYER COM";"TTJ60";19,95;"TEEJET";"4";"2021";"Centro-Oeste"
"172";"GO";"TeeJet;";"SPRAYER COM";"AIXR-VK";54,7;"TEEJET";"5";"2021";"Centro-Oeste"
"173";"GO";"TeeJet;";"SPRAYER COM";"TTI";67,33;"TEEJET";"6";"2021";"Centro-Oeste"
"174";"MG";"TeeJet;";"BIOTECH";"XR-VK";19,35;"TEEJET";"2";"2021";"Sudeste"
"175";"MG";"TeeJet;";"BIOTECH";"TXA";25,89;"TEEJET";"1";"2021";"Sudeste"
"176";"MG";"TeeJet;";"BIOTECH";"TTJ60";25,58;"TEEJET";"4";"2021";"Sudeste"
"177";"MG";"TeeJet;";"BIOTECH";"TTI";69,63;"TEEJET";"6";"2021";"Sudeste"
"178";"MG";"TeeJet;";"JD MAQNELSON";"TT-VP";27,23;"TEEJET";"3";"2021";"Sudeste"
"179";"MG";"TeeJet;";"JD MAQNELSON";"TTJ60";32,32;"TEEJET";"4";"2021";"Sudeste"
"180";"MG";"TeeJet;";"JD MAQNELSON";"TTI";52,97;"TEEJET";"6";"2021";"Sudeste"
"181";"PR";"TeeJet;";"VERDESUL";"XR-VK";36,75;"TEEJET";"2";"2021";"Sul"
"182";"PR";"TeeJet;";"VERDESUL";"TXA";47,6;"TEEJET";"1";"2021";"Sul"
"183";"PR";"TeeJet;";"VERDESUL";"TT-VP";44,4;"TEEJET";"3";"2021";"Sul"
"184";"PR";"TeeJet;";"VERDESUL";"TTJ60";53,2;"TEEJET";"4";"2021";"Sul"
"185";"PR";"TeeJet;";"VERDESUL";"AIXR-VK";49;"TEEJET";"5";"2021";"Sul"
"186";"PR";"TeeJet;";"VERDESUL";"TTI";157,5;"TEEJET";"6";"2021";"Sul"
"187";"GO";"TeeJet;";"SPRAYERCOM";"XR-VK";41,8;"TEEJET";"2";"2021";"Centro-Oeste"
"188";"GO";"TeeJet;";"SPRAYERCOM";"TXA";22,8;"TEEJET";"1";"2021";"Centro-Oeste"
"189";"GO";"TeeJet;";"SPRAYERCOM";"TT-VP";18,9;"TEEJET";"3";"2021";"Centro-Oeste"
"190";"GO";"TeeJet;";"SPRAYERCOM";"TTJ60";19,95;"TEEJET";"4";"2021";"Centro-Oeste"
"191";"GO";"TeeJet;";"SPRAYERCOM";"AIXR-VK";54,7;"TEEJET";"5";"2021";"Centro-Oeste"
"192";"GO";"TeeJet;";"SPRAYERCOM";"TTI";67,33;"TEEJET";"6";"2021";"Centro-Oeste"
"193";"MG";"TeeJet;";"MAQNELSON";"TT-VP";24,75;"TEEJET";"3";"2021";"Sudeste"
"194";"MG";"TeeJet;";"MAQNELSON";"TTI";48,15;"TEEJET";"6";"2021";"Sudeste"
"195";"MG";"TeeJet;";"MAQNELSON";"TTJ60";29,38;"TEEJET";"4";"2021";"Sudeste"
"196";"GO";"Magnojet;";"A CAMARGO";"MAG";13,31;"MAGNOJET";"1";"2021";"Centro-Oeste"
"197";"GO";"Magnojet;";"A CAMARGO";"MGA";30,04;"MAGNOJET";"1";"2021";"Centro-Oeste"
"198";"GO";"Magnojet;";"A CAMARGO";"ST";25,83;"MAGNOJET";"3";"2021";"Centro-Oeste"
"199";"GO";"Magnojet;";"A CAMARGO";"AD-IA";34,16;"MAGNOJET";"5";"2021";"Centro-Oeste"
"200";"GO";"TeeJet;";"MAQNELSON";"TTJ60";29,38;"TEEJET";"4";"2021";"Centro-Oeste"
"201";"GO";"TeeJet;";"MAQNELSON";"TTI";48,15;"TEEJET";"6";"2021";"Centro-Oeste"
"202";"MG";"TeeJet;";"MAQNELSON";"TTJ60";29,35;"TEEJET";"4";"2021";"Sudeste"
"203";"MG";"TeeJet;";"DUSIQUEIRA";"AIXR-VK";43;"TEEJET";"5";"2021";"Sudeste"
"204";"MG";"TeeJet;";"MINAS VERDE";"TTJ60";29,38;"TEEJET";"4";"2021";"Sudeste"
"205";"MG";"TeeJet;";"MINAS VERDE";"TTI";48,15;"TEEJET";"6";"2021";"Sudeste"
"206";"MG";"TeeJet;";"TREVISO";"TT-VP";24,75;"TEEJET";"3";"2021";"Sudeste"
"207";"MG";"TeeJet;";"TREVISO";"TTI";48,2;"TEEJET";"6";"2021";"Sudeste"
"208";"GO";"TeeJet;";"CASA DO PICA PAU";"TT-VP";24,6;"TEEJET";"3";"2021";"Centro-Oeste"
"209";"GO";"TeeJet;";"CASA DO PICA PAU";"TTJ60";29,5;"TEEJET";"4";"2021";"Centro-Oeste"
"210";"GO";"TeeJet;";"MAQNELSON";"TTJ60";29,3;"TEEJET";"4";"2021";"Centro-Oeste"
"211";"GO";"TeeJet;";"MAQNELSON";"TTI";48,2;"TEEJET";"6";"2021";"Centro-Oeste"
"212";"PR";"TeeJet;";"TESTE";"TXA";20,01;"TEEJET";"1";"2022";"Sul"
"213";"PR";"TeeJet;";"TESTE";"XR-VK";18,01;"TEEJET";"2";"2022";"Sul"
"214";"PR";"TeeJet;";"TESTE";"TT-VP";20,01;"TEEJET";"3";"2022";"Sul"
"215";"PR";"TeeJet;";"TESTE";"TTJ60";22,01;"TEEJET";"4";"2022";"Sul"
"216";"PR";"TeeJet;";"TESTE";"AIXR-VK";40;"TEEJET";"5";"2022";"Sul"
"217";"PR";"TeeJet;";"TESTE";"TTI";49,5;"TEEJET";"6";"2022";"Sul"
"218";"PR";"TeeJet;";"TESTE";"BD";16;"MAGNOJET";"2";"2022";"Sul"
"219";"PR";"TeeJet;";"TESTE";"MAG";11,5;"MAGNOJET";"1";"2022";"Sul"
"220";"PR";"TeeJet;";"TESTE";"MGA";24,01;"MAGNOJET";"1";"2022";"Sul"
"221";"PR";"TeeJet;";"TESTE";"ST";26,51;"MAGNOJET";"3";"2022";"Sul"
"222";"PR";"TeeJet;";"TESTE";"ST-D";29,51;"MAGNOJET";"4";"2022";"Sul"
"223";"PR";"TeeJet;";"TESTE";"STIA";38,5;"MAGNOJET";"8";"2022";"Sul"
"224";"PR";"TeeJet;";"TESTE";"MUG";55;"MAGNOJET";"6";"2022";"Sul"
"225";"PR";"TeeJet;Jacto;";"MACCAMPO";"TXA";18,01;"TEEJET";"1";"2022";"Sul"
"226";"PR";"TeeJet;Jacto;";"MACCAMPO";"XR-VK";20,01;"TEEJET";"2";"2022";"Sul"
"227";"PR";"TeeJet;Jacto;";"MACCAMPO";"TT-VP";22,01;"TEEJET";"3";"2022";"Sul"
"228";"PR";"TeeJet;Jacto;";"MACCAMPO";"TTJ60";25,01;"TEEJET";"4";"2022";"Sul"
"229";"PR";"TeeJet;Jacto;";"MACCAMPO";"AIXR-VK";40;"TEEJET";"5";"2022";"Sul"
"230";"PR";"TeeJet;Jacto;";"MACCAMPO";"TTI";49,5;"TEEJET";"6";"2022";"Sul"
"231";"PR";"TeeJet;Jacto;";"MACCAMPO";"APTJ";62,5;"TEEJET";"7";"2022";"Sul"
"232";"PR";"TeeJet;Jacto;";"MACCAMPO";"BD";15;"MAGNOJET";"2";"2022";"Sul"
"233";"PR";"TeeJet;Jacto;";"MACCAMPO";"MAG";10,5;"MAGNOJET";"1";"2022";"Sul"
"234";"PR";"TeeJet;Jacto;";"MACCAMPO";"MGA";24,01;"MAGNOJET";"1";"2022";"Sul"
"235";"PR";"TeeJet;Jacto;";"MACCAMPO";"ST";35,5;"MAGNOJET";"3";"2022";"Sul"
"236";"PR";"TeeJet;Jacto;";"MACCAMPO";"ST-D";35,5;"MAGNOJET";"4";"2022";"Sul"
"237";"PR";"TeeJet;Jacto;";"MACCAMPO";"STIA";41,5;"MAGNOJET";"8";"2022";"Sul"
"238";"PR";"TeeJet;Jacto;";"MACCAMPO";"MUG";65;"MAGNOJET";"6";"2022";"Sul"
"239";"PR";"TeeJet;Jacto;";"MACCAMPO";"AXI";21,01;"JACTO";"2";"2022";"Sul"
"240";"PR";"TeeJet;Jacto;";"MACCAMPO";"JA";19,01;"JACTO";"1";"2022";"Sul"
"241";"PR";"TeeJet;Jacto;";"MACCAMPO";"ATR";22,01;"JACTO";"1";"2022";"Sul"
"242";"PR";"TeeJet;Jacto;";"MACCAMPO";"J3D";57,5;"JACTO";"3";"2022";"Sul"
"243";"PR";"TeeJet;Jacto;";"MACCAMPO";"JTT";18,01;"JACTO";"3";"2022";"Sul"
"244";"PR";"TeeJet;Jacto;";"MACCAMPO";"AVI";67,5;"JACTO";"5";"2022";"Sul"
"245";"PR";"TeeJet;Jacto;";"MACCAMPO";"CVI";70;"JACTO";"5";"2022";"Sul"
"246";"PR";"TeeJet;Jacto;";"MACCAMPO";"JMD";55;"JACTO";"6";"2022";"Sul"
"247";"MG";"TeeJet;";"DUSIQUEIRA";"TXA";23;"TEEJET";"1";"2022";"Sudeste"
"248";"MG";"TeeJet;";"DUSIQUEIRA";"XR-VK";23;"TEEJET";"2";"2022";"Sudeste"
"249";"MG";"TeeJet;";"DUSIQUEIRA";"TT-VP";23;"TEEJET";"3";"2022";"Sudeste"
"250";"MG";"TeeJet;";"DUSIQUEIRA";"TTJ60";25;"TEEJET";"4";"2022";"Sudeste"
"251";"MG";"TeeJet;";"DUSIQUEIRA";"AIXR-VK";38;"TEEJET";"5";"2022";"Sudeste"
"252";"MG";"TeeJet;";"DUSIQUEIRA";"TTI";46,5;"TEEJET";"6";"2022";"Sudeste"
"253";"MG";"TeeJet;";"DUSIQUEIRA";"APTJ";80;"TEEJET";"7";"2022";"Sudeste"
"254";"MG";"TeeJet;";"AUTO PEÇAS SILVA";"TXA";23;"TEEJET";"1";"2022";"Sudeste"
"255";"MG";"TeeJet;";"AUTO PEÇAS SILVA";"TT-VP";20,01;"TEEJET";"3";"2022";"Sudeste"
"256";"MG";"TeeJet;";"AUTO PEÇAS SILVA";"TTJ60";24,01;"TEEJET";"4";"2022";"Sudeste"
"257";"MG";"TeeJet;";"AUTO PEÇAS SILVA";"AIXR-VK";40;"TEEJET";"5";"2022";"Sudeste"
"258";"GO";"TeeJet;";"CASA DO PICA PAU";"TXA";20,01;"TEEJET";"1";"2022";"Centro-Oeste"
"259";"GO";"TeeJet;";"CASA DO PICA PAU";"XR-VK";20,01;"TEEJET";"2";"2022";"Centro-Oeste"
"260";"GO";"TeeJet;";"CASA DO PICA PAU";"TT-VP";18,01;"TEEJET";"3";"2022";"Centro-Oeste"
"261";"GO";"TeeJet;";"CASA DO PICA PAU";"TTJ60";22,01;"TEEJET";"4";"2022";"Centro-Oeste"
"262";"GO";"TeeJet;";"CASA DO PICA PAU";"TTI";60;"TEEJET";"6";"2022";"Centro-Oeste"
"263";"GO";"TeeJet;Hypro;";"JÚLIO GOMES";"TXA";23;"TEEJET";"1";"2022";"Centro-Oeste"
"264";"GO";"TeeJet;Hypro;";"JÚLIO GOMES";"TT-VP";23;"TEEJET";"3";"2022";"Centro-Oeste"
"265";"GO";"TeeJet;Hypro;";"JÚLIO GOMES";"TTJ60";25;"TEEJET";"4";"2022";"Centro-Oeste"
"266";"GO";"TeeJet;Hypro;";"JÚLIO GOMES";"AIXR-VK";41;"TEEJET";"5";"2022";"Centro-Oeste"
"267";"PR";"TeeJet;";"MA MÁQUINAS";"TXA";23;"TEEJET";"1";"2022";"Sul"
"268";"PR";"TeeJet;";"MA MÁQUINAS";"XR-VK";23;"TEEJET";"2";"2022";"Sul"
"269";"PR";"TeeJet;";"MA MÁQUINAS";"TT-VP";23;"TEEJET";"3";"2022";"Sul"
"270";"PR";"TeeJet;";"MA MÁQUINAS";"TTJ60";24,01;"TEEJET";"4";"2022";"Sul"
"271";"PR";"TeeJet;";"MA MÁQUINAS";"AIXR-VK";36;"TEEJET";"5";"2022";"Sul"
"272";"PR";"TeeJet;";"MA MÁQUINAS";"TTI";49,5;"TEEJET";"6";"2022";"Sul"
"273";"PR";"TeeJet;";"MA MÁQUINAS";"TT-VP";22,01;"TEEJET";"3";"2022";"Sul"
"274";"PR";"TeeJet;";"MA MÁQUINAS";"TTI";46,5;"TEEJET";"6";"2022";"Sul"
"275";"PR";"TeeJet;";"COCAMAR MÁQUINAS";"TXA";22,01;"TEEJET";"1";"2022";"Sul"
"276";"PR";"TeeJet;";"COCAMAR MÁQUINAS";"TT-VP";20,01;"TEEJET";"3";"2022";"Sul"
"277";"PR";"TeeJet;";"COCAMAR MÁQUINAS";"AIXR-VK";33;"TEEJET";"5";"2022";"Sul"
"278";"PR";"TeeJet;";"COCAMAR MÁQUINAS";"TTI";45;"TEEJET";"6";"2022";"Sul"
"279";"SC";"TeeJet;";"JB";"TXA";16;"TEEJET";"1";"2022";"Sul"
"280";"SC";"TeeJet;";"JB";"XR-VK";16;"TEEJET";"2";"2022";"Sul"
"281";"SC";"TeeJet;";"JB";"TT-VP";16;"TEEJET";"3";"2022";"Sul"
"282";"SC";"TeeJet;";"JB";"TTJ60";18,01;"TEEJET";"4";"2022";"Sul"
"283";"SC";"TeeJet;";"JB";"AIXR-VK";34;"TEEJET";"5";"2022";"Sul"
"284";"SC";"TeeJet;";"JB";"TTI";49,5;"TEEJET";"6";"2022";"Sul"
"285";"SC";"TeeJet;";"JB";"APTJ";57,5;"TEEJET";"7";"2022";"Sul"
"286";"SC";"TeeJet;";"JB";"BD";15;"MAGNOJET";"2";"2022";"Sul"
"287";"SC";"TeeJet;";"JB";"MAG";9;"MAGNOJET";"1";"2022";"Sul"
"288";"SC";"TeeJet;";"JB";"MGA";19;"MAGNOJET";"1";"2022";"Sul"
"289";"SP";"TeeJet;Jacto;Magnojet;";"AGRIMAX";"BD";15;"MAGNOJET";"2";"2022";"Sudeste"
"290";"SP";"TeeJet;Jacto;Magnojet;";"AGRIMAX";"MAG";13;"MAGNOJET";"1";"2022";"Sudeste"
"291";"SP";"TeeJet;Jacto;Magnojet;";"AGRIMAX";"MGA";24,01;"MAGNOJET";"1";"2022";"Sudeste"
"292";"SP";"TeeJet;Jacto;Magnojet;";"AGRIMAX";"ST";25;"MAGNOJET";"3";"2022";"Sudeste"
"293";"SP";"TeeJet;Jacto;Magnojet;";"AGRIMAX";"ST-D";28;"MAGNOJET";"4";"2022";"Sudeste"
"294";"SP";"TeeJet;Jacto;Magnojet;";"AGRIMAX";"AD-IA";35;"MAGNOJET";"5";"2022";"Sudeste"
"295";"SP";"TeeJet;Jacto;Magnojet;";"AGRIMAX";"MUG";65;"MAGNOJET";"6";"2022";"Sudeste"
"296";"MG";"TeeJet;";"SPRAYERCOM";"TXA";20,01;"TEEJET";"1";"2022";"Sudeste"
"297";"MG";"TeeJet;";"SPRAYERCOM";"XR-VK";23;"TEEJET";"2";"2022";"Sudeste"
"298";"MG";"TeeJet;";"SPRAYERCOM";"TT-VP";18,01;"TEEJET";"3";"2022";"Sudeste"
"299";"MG";"TeeJet;";"SPRAYERCOM";"TTJ60";20,01;"TEEJET";"4";"2022";"Sudeste"
"300";"MG";"TeeJet;";"SPRAYERCOM";"TTI";60;"TEEJET";"6";"2022";"Sudeste"
"301";"MG";"TeeJet;";"MAQNELSON";"TXA";23;"TEEJET";"1";"2022";"Sudeste"
"302";"MG";"TeeJet;";"MAQNELSON";"TT-VP";23;"TEEJET";"3";"2022";"Sudeste"
"303";"MG";"TeeJet;";"MAQNELSON";"TTJ60";25;"TEEJET";"4";"2022";"Sudeste"
"304";"MG";"TeeJet;";"MAQNELSON";"AIXR-VK";41;"TEEJET";"5";"2022";"Sudeste"
"305";"MG";"TeeJet;";"MAQNELSON";"TTI";49,5;"TEEJET";"6";"2022";"Sudeste"
"306";"GO";"TeeJet;";"MAQNELSON";"TXA";23;"TEEJET";"1";"2022";"Centro-Oeste"
"307";"GO";"TeeJet;";"MAQNELSON";"XR-VK";23;"TEEJET";"2";"2022";"Centro-Oeste"
"308";"GO";"TeeJet;";"MAQNELSON";"TT-VP";23;"TEEJET";"3";"2022";"Centro-Oeste"
"309";"GO";"TeeJet;";"MAQNELSON";"TTJ60";25;"TEEJET";"4";"2022";"Centro-Oeste"
"310";"GO";"TeeJet;";"MAQNELSON";"AIXR-VK";41;"TEEJET";"5";"2022";"Centro-Oeste"
"311";"GO";"TeeJet;";"MAQNELSON";"TTI";49,5;"TEEJET";"6";"2022";"Centro-Oeste"
"312";"MG";"TeeJet;";"MAQNELSON";"XR-VK";23;"TEEJET";"2";"2022";"Sudeste"
"313";"GO";"Magnojet;";"A CAMARGO";"MAG";13;"MAGNOJET";"1";"2022";"Centro-Oeste"
"314";"GO";"Magnojet;";"A CAMARGO";"MGA";19;"MAGNOJET";"1";"2022";"Centro-Oeste"
"315";"GO";"Magnojet;";"A CAMARGO";"ST";26,51;"MAGNOJET";"3";"2022";"Centro-Oeste"
"316";"GO";"Magnojet;";"A CAMARGO";"AD-IA";35;"MAGNOJET";"5";"2022";"Centro-Oeste"
"317";"MG";"Magnojet;";"UNIPARTS";"BD";15;"MAGNOJET";"2";"2022";"Sudeste"
"318";"MG";"Magnojet;";"UNIPARTS";"MGA";19;"MAGNOJET";"1";"2022";"Sudeste"
"319";"MG";"Magnojet;";"UNIPARTS";"AD-IA";39;"MAGNOJET";"5";"2022";"Sudeste"
"320";"BA";"TeeJet;Hypro;Magnojet;";"JB PULVERIZAÇÃO";"BD";18,01;"MAGNOJET";"2";"2022";"Nordeste"
"321";"BA";"TeeJet;Hypro;Magnojet;";"JB PULVERIZAÇÃO";"MAG";13;"MAGNOJET";"1";"2022";"Nordeste"
"322";"BA";"TeeJet;Hypro;Magnojet;";"JB PULVERIZAÇÃO";"MGA";20,01;"MAGNOJET";"1";"2022";"Nordeste"
"323";"BA";"TeeJet;Hypro;Magnojet;";"JB PULVERIZAÇÃO";"ST";37;"MAGNOJET";"3";"2022";"Nordeste"
"324";"BA";"TeeJet;Hypro;Magnojet;";"JB PULVERIZAÇÃO";"ST-D";40;"MAGNOJET";"4";"2022";"Nordeste"
"325";"BA";"TeeJet;Hypro;Magnojet;";"JB PULVERIZAÇÃO";"AD-IA";40;"MAGNOJET";"5";"2022";"Nordeste"
"326";"BA";"TeeJet;Hypro;Magnojet;";"JB PULVERIZAÇÃO";"MUG";90;"MAGNOJET";"6";"2022";"Nordeste"
"327";"GO";"TeeJet;Hypro;";"IGUAÇU MÁQUINAS";"TXA";23;"TEEJET";"1";"2022";"Centro-Oeste"
"328";"GO";"TeeJet;Hypro;";"IGUAÇU MÁQUINAS";"TT-VP";23;"TEEJET";"3";"2022";"Centro-Oeste"
"329";"GO";"TeeJet;Hypro;";"IGUAÇU MÁQUINAS";"TTJ60";25;"TEEJET";"4";"2022";"Centro-Oeste"
"330";"GO";"TeeJet;Hypro;";"IGUAÇU MÁQUINAS";"AIXR-VK";41;"TEEJET";"5";"2022";"Centro-Oeste"
"331";"MS";"TeeJet;";"COMO";"TXA";20,01;"TEEJET";"1";"2022";"Centro-Oeste"
"332";"MS";"TeeJet;";"COMO";"XR-VK";20,01;"TEEJET";"2";"2022";"Centro-Oeste"
"333";"MS";"TeeJet;";"COMO";"TT-VP";23;"TEEJET";"3";"2022";"Centro-Oeste"
"334";"MS";"TeeJet;";"COMO";"TTJ60";24,01;"TEEJET";"4";"2022";"Centro-Oeste"
"335";"MS";"TeeJet;";"COMO";"AIXR-VK";36;"TEEJET";"5";"2022";"Centro-Oeste"
"336";"MS";"TeeJet;";"COMO";"TTI";60;"TEEJET";"6";"2022";"Centro-Oeste"
"337";"GO";"TeeJet;";"ALESSANDRO";"BD";16;"MAGNOJET";"2";"2022";"Centro-Oeste"
"338";"GO";"Magnojet;Jacto;";"CASEMAQ";"ST";26,51;"MAGNOJET";"3";"2022";"Centro-Oeste"
"339";"Online";NA;"CANAL AGRICOLA";"TXA";23,24;"TEEJET";"1";"2021";"Online"
"340";"Online";NA;"CANAL AGRICOLA";"TXA";34,46;"TEEJET";"1";"2022";"Online"
"341";"Online";NA;"HERBICAT";"TXA";22,23;"TEEJET";"1";"2022";"Online"
"342";"Online";NA;"CANAL AGRICOLA";"XR-VK";42,24;"TEEJET";"2";"2021";"Online"
"343";"Online";NA;"CANAL AGRICOLA";"XR-VK";27,18;"TEEJET";"2";"2022";"Online"
"344";"Online";NA;"HERBICAT";"XR-VK";47,56;"TEEJET";"2";"2022";"Online"
"345";"Online";NA;"CANAL AGRICOLA";"TT-VP";21,47;"TEEJET";"3";"2021";"Online"
"346";"Online";NA;"CANAL AGRICOLA";"TT-VP";32,15;"TEEJET";"3";"2022";"Online"
"347";"Online";NA;"HERBICAT";"TT-VP";20,72;"TEEJET";"3";"2022";"Online"
"348";"Online";NA;"CANAL AGRICOLA";"TTJ60";20,36;"TEEJET";"4";"2021";"Online"
"349";"Online";NA;"CANAL AGRICOLA";"TTJ60";41,17;"TEEJET";"4";"2022";"Online"
"350";"Online";NA;"HERBICAT";"TTJ60";24,86;"TEEJET";"4";"2022";"Online"
"351";"Online";NA;"CANAL AGRICOLA";"AIXR-VK";61,75;"TEEJET";"5";"2021";"Online"
"352";"Online";NA;"CANAL AGRICOLA";"TTI";76,54;"TEEJET";"6";"2021";"Online"
"353";"Online";NA;"CANAL AGRICOLA";"TTI";59,78;"TEEJET";"6";"2022";"Online"
"354";"Online";NA;"HERBICAT";"TTI";44,68;"TEEJET";"6";"2022";"Online"
"355";"Online";NA;"CANAL AGRICOLA";"BD";10,27;"MAGNOJET";"2";"2021";"Online"
"356";"Online";NA;"CANAL AGRICOLA";"BD";11,48;"MAGNOJET";"2";"2022";"Online"
"357";"Online";NA;"DRS PULVERIZADORES";"BD";9,96;"MAGNOJET";"2";"2022";"Online"
"358";"Online";NA;"CANAL AGRICOLA";"MGA";19,32;"MAGNOJET";"1";"2021";"Online"
"359";"Online";NA;"CANAL AGRICOLA";"MGA";24,83;"MAGNOJET";"1";"2022";"Online"
"360";"Online";NA;"DRS PULVERIZADORES";"MGA";21,54;"MAGNOJET";"1";"2022";"Online"
"361";"Online";NA;"CANAL AGRICOLA";"MAG";9,42;"MAGNOJET";"1";"2021";"Online"
"362";"Online";NA;"CANAL AGRICOLA";"MAG";11;"MAGNOJET";"1";"2022";"Online"
"363";"Online";NA;"DRS PULVERIZADORES";"MAG";9,58;"MAGNOJET";"1";"2022";"Online"
"364";"Online";NA;"CANAL AGRICOLA";"ST";21,06;"MAGNOJET";"3";"2021";"Online"
"365";"Online";NA;"CANAL AGRICOLA";"ST";27,08;"MAGNOJET";"3";"2022";"Online"
"366";"Online";NA;"DRS PULVERIZADORES";"ST";27,8;"MAGNOJET";"3";"2022";"Online"
"367";"Online";NA;"CANAL AGRICOLA";"ST-D";27,9;"MAGNOJET";"4";"2021";"Online"
"368";"Online";NA;"CANAL AGRICOLA";"ST-D";35,86;"MAGNOJET";"4";"2022";"Online"
"369";"Online";NA;"DRS PULVERIZADORES";"ST-D";29,1;"MAGNOJET";"4";"2022";"Online"
"370";"Online";NA;"CANAL AGRICOLA";"AD-IA";31,7;"MAGNOJET";"5";"2021";"Online"
"371";"Online";NA;"CANAL AGRICOLA";"AD-IA";37,06;"MAGNOJET";"5";"2022";"Online"
"372";"Online";NA;"DRS PULVERIZADORES";"AD-IA";32,2;"MAGNOJET";"5";"2022";"Online"
"373";"Online";NA;"CANAL AGRICOLA";"STIA";44,84;"MAGNOJET";"8";"2022";"Online"
"374";"Online";NA;"DRS PULVERIZADORES";"STIA";38,87;"MAGNOJET";"8";"2022";"Online"
"375";"Online";NA;"CANAL AGRICOLA";"MUG";78,06;"MAGNOJET";"6";"2022";"Online"
"376";"Online";NA;"DRS PULVERIZADORES";"MUG";55,5;"MAGNOJET";"6";"2022";"Online"
"377";"Online";NA;"JACTO";"AXI";29,11;"JACTO";"2";"2022";"Online"
"378";"Online";NA;"JACTO";"JA";23,12;"JACTO";"1";"2022";"Online"
"379";"Online";NA;"JACTO";"ATR";40,82;"JACTO";"1";"2022";"Online"
"380";"Online";NA;"JACTO";"J3D";105,39;"JACTO";"3";"2022";"Online"
"381";"Online";NA;"JACTO";"JTT";32,34;"JACTO";"3";"2022";"Online"
"382";"Online";NA;"JACTO";"AVI";75,88;"JACTO";"5";"2022";"Online"
"383";"Online";NA;"JACTO";"CVI";92,68;"JACTO";"5";"2022";"Online"
"384";"Online";NA;"JACTO";"JMD";105,39;"JACTO";"6";"2022";"Online"
"385";"Online";"Jacto;TeeJet;Magnojet;Hypro;";"CANAL AGRÍCOLA";"TTI-cap";84,94;"DEEJET";"6";"2021";"Online"
"386";"Online";"TeeJet;";"HERBICAT";"TTI-cap";68,63;"DEEJET";"6";"2021";"Online"
"387";"PR";"TeeJet;Jacto;Magnojet;";"COAMO";"TTI-cap";71,57;"DEEJET";"6";"2021";"Sul"
"388";"PR";"Jacto;TeeJet;";"COOPERATIVA AGRARIA";"TTI-cap";78,25;"DEEJET";"6";"2021";"Sul"
"389";"PR";"TeeJet;Magnojet;";"MAQUISOLO";"TTI-cap";83,4;"DEEJET";"6";"2021";"Sul"
"390";"PR";"Outras;";"MAQUISOLO";"TTI-cap";72,2;"DEEJET";"6";"2021";"Sul"
"391";"PR";"TeeJet;Jacto;Magnojet;";"COAMO";"TTI-cap";71,53;"DEEJET";"6";"2021";"Sul"
"392";"PR";"TeeJet;Jacto;Magnojet;";"COAMO";"TTI-cap";77,4;"DEEJET";"6";"2021";"Sul"
"393";"PR";"TeeJet;";"GLOBAL TRATORES";"TTI-cap";78,56;"DEEJET";"6";"2021";"Sul"
"394";"GO";"TeeJet;";"SPRAYER COM";"TTI-cap";75,73;"DEEJET";"6";"2021";"Centro-Oeste"
"395";"MG";"TeeJet;";"BIOTECH";"TTI-cap";78,03;"DEEJET";"6";"2021";"Sudeste"
"396";"MG";"TeeJet;";"JD MAQNELSON";"TTI-cap";61,37;"DEEJET";"6";"2021";"Sudeste"
"397";"PR";"TeeJet;";"VERDESUL";"TTI-cap";165,9;"DEEJET";"6";"2021";"Sul"
"398";"GO";"TeeJet;";"SPRAYERCOM";"TTI-cap";75,73;"DEEJET";"6";"2021";"Centro-Oeste"
"399";"MG";"TeeJet;";"MAQNELSON";"TTI-cap";56,55;"DEEJET";"6";"2021";"Sudeste"
"400";"GO";"TeeJet;";"MAQNELSON";"TTI-cap";56,55;"DEEJET";"6";"2021";"Centro-Oeste"
"401";"MG";"TeeJet;";"MINAS VERDE";"TTI-cap";56,55;"DEEJET";"6";"2021";"Sudeste"
"402";"MG";"TeeJet;";"TREVISO";"TTI-cap";56,6;"DEEJET";"6";"2021";"Sudeste"
"403";"GO";"TeeJet;";"MAQNELSON";"TTI-cap";56,6;"DEEJET";"6";"2021";"Centro-Oeste"
"404";"PR";"TeeJet;";"TESTE";"TTI-cap";57,9;"DEEJET";"6";"2022";"Sul"
"405";"PR";"TeeJet;Jacto;";"MACCAMPO";"TTI-cap";57,9;"DEEJET";"6";"2022";"Sul"
"406";"MG";"TeeJet;";"DUSIQUEIRA";"TTI-cap";54,9;"DEEJET";"6";"2022";"Sudeste"
"407";"GO";"TeeJet;";"CASA DO PICA PAU";"TTI-cap";68,4;"DEEJET";"6";"2022";"Centro-Oeste"
"408";"PR";"TeeJet;";"MA MÁQUINAS";"TTI-cap";57,9;"DEEJET";"6";"2022";"Sul"
"409";"PR";"TeeJet;";"MA MÁQUINAS";"TTI-cap";54,9;"DEEJET";"6";"2022";"Sul"
"410";"PR";"TeeJet;";"COCAMAR MÁQUINAS";"TTI-cap";53,4;"DEEJET";"6";"2022";"Sul"
"411";"SC";"TeeJet;";"JB";"TTI-cap";57,9;"DEEJET";"6";"2022";"Sul"
"412";"MG";"TeeJet;";"SPRAYERCOM";"TTI-cap";68,4;"DEEJET";"6";"2022";"Sudeste"
"413";"MG";"TeeJet;";"MAQNELSON";"TTI-cap";57,9;"DEEJET";"6";"2022";"Sudeste"
"414";"GO";"TeeJet;";"MAQNELSON";"TTI-cap";57,9;"DEEJET";"6";"2022";"Centro-Oeste"
"415";"MS";"TeeJet;";"COMO";"TTI-cap";68,4;"DEEJET";"6";"2022";"Centro-Oeste"
"416";"Online";NA;"CANAL AGRICOLA";"TTI-cap";84,94;"DEEJET";"6";"2021";"Online"
"417";"Online";NA;"CANAL AGRICOLA";"TTI-cap";68,18;"DEEJET";"6";"2022";"Online"
"418";"Online";NA;"HERBICAT";"TTI-cap";53,08;"DEEJET";"6";"2022";"Online"
